ID,"Client Name",Gender,Phone,Email,Address,Nationality,"Date Of Birth",Education,"Contact Mode",DateTime
1,"Ajay Adhikari222",Male,9819697989,ajaydevadk@gmail.com,"Lalbandi-09,Sar",Nepali,12/19/2054,12,Email,"4/30/2022 5:23"
2,"Sanam Koirala",Male,9819697980,sagar@gmail.com,"Lalbandi-09,Sar",Nepali,11/25/2053,12,Phone,"4/30/2022 5:36"
3,"Test Name",Male,9819697981,sagar@gmail.com,Address,Nepali,4/15/2022,11,Phone,"4/30/2022 5:36"
4,"Bijay Adhikari",Male,9819697989,ajaydevadk@gmail.com,"Lalbandi-09,Sar",Nepali,12/19/2054,12,Email,"4/30/2022 5:23"
5,"Sanam Koirala",Male,9819697980,sagar@gmail.com,"Lalbandi-09,Sar",Nepali,11/25/2053,12,Phone,"4/30/2022 5:36"
6,"Sanam Koirala",Male,9819697980,sagar@gmail.com,"Lalbandi-09,Sar",Nepali,11/25/2053,12,Phone,"4/30/2022 5:36"
7,"Ajay Adhikari222",Male,9819697989,ajaydevadk@gmail.com,"Lalbandi-09,Sar",Nepali,12/19/2054,12,Email,"4/30/2022 5:23"
8,"Bhawana Pokhrel",Female,9819697988,sagar@gmail.com,"Lalbandi-09,Sar",Nepali,11/25/2053,12,Phone,"4/30/2022 5:36"
9,"Client Name",Gender,Phone,Email,Address,Nationality,"Date Of Birth",Education,"Contact Mode",DateTime
10,"Bijay Adhikari",Male,9819697989,ajaydevadk@gmail.com,"Lalbandi-09,Sar",Nepali,12/19/2054,12,Email,"4/30/2022 5:23"
11,"Bhawana Pokhrel",Female,9819697988,sagar@gmail.com,"Lalbandi-09,Sar",Nepali,11/25/2053,12,Phone,"4/30/2022 5:36"
12,"Bhawana Pokhrel",Female,9819697988,sagar@gmail.com,"Lalbandi-09,Sar",Nepali,11/25/2053,12,Phone,"4/30/2022 5:36"
13,"Ajay Adhikari222",Male,9819697989,ajaydevadk@gmail.com,"Lalbandi-09,Sar",Nepali,12/19/2054,12,Email,"4/30/2022 5:23"
14,"Sanam Koirala",Male,9819697980,sagar@gmail.com,"Lalbandi-09,Sar",Nepali,11/25/2053,12,Phone,"4/30/2022 5:36"
15,"Test Name",Male,9819697981,sagar@gmail.com,Address,Nepali,4/15/2022,11,Phone,"4/30/2022 5:36"
16,"Bijay Adhikari",Male,9819697989,ajaydevadk@gmail.com,"Lalbandi-09,Sar",Nepali,12/19/2054,12,Email,"4/30/2022 5:23"
17,"Sanam Koirala",Male,9819697980,sagar@gmail.com,"Lalbandi-09,Sar",Nepali,11/25/2053,12,Phone,"4/30/2022 5:36"
18,"Sanam Koirala",Male,9819697980,sagar@gmail.com,"Lalbandi-09,Sar",Nepali,11/25/2053,12,Phone,"4/30/2022 5:36"
19,"Ajay Adhikari222",Male,9819697989,ajaydevadk@gmail.com,"Lalbandi-09,Sar",Nepali,12/19/2054,12,Email,"4/30/2022 5:23"
20,"Bhawana Pokhrel",Female,9819697988,sagar@gmail.com,"Lalbandi-09,Sar",Nepali,11/25/2053,12,Phone,"4/30/2022 5:36"
21,"Client Name",Gender,Phone,Email,Address,Nationality,"Date Of Birth",Education,"Contact Mode",DateTime
22,"Bijay Adhikari",Male,9819697989,ajaydevadk@gmail.com,"Lalbandi-09,Sar",Nepali,12/19/2054,12,Email,"4/30/2022 5:23"
23,"Bhawana Pokhrel",Female,9819697988,sagar@gmail.com,"Lalbandi-09,Sar",Nepali,11/25/2053,12,Email,"4/30/2022 5:36"
1,"Ajay Adhikari222",Male,9819697989,ajaydevadk@gmail.com,"Lalbandi-09,Sar",Nepali,12/19/2054,12,Email,"4/30/2022 5:23"
2,"Sanam Koirala",Male,9819697980,sagar@gmail.com,"Lalbandi-09,Sar",Nepali,11/25/2053,12,Phone,"4/30/2022 5:36"
3,"Test Name",Male,9819697981,sagar@gmail.com,Address,Nepali,4/15/2022,11,Phone,"4/30/2022 5:36"
4,"Bijay Adhikari",Male,9819697989,ajaydevadk@gmail.com,"Lalbandi-09,Sar",Nepali,12/19/2054,12,Email,"4/30/2022 5:23"
5,"Sanam Koirala",Male,9819697980,sagar@gmail.com,"Lalbandi-09,Sar",Nepali,11/25/2053,12,Phone,"4/30/2022 5:36"
6,"Sanam Koirala",Male,9819697980,sagar@gmail.com,"Lalbandi-09,Sar",Nepali,11/25/2053,12,Phone,"4/30/2022 5:36"
7,"Ajay Adhikari222",Male,9819697989,ajaydevadk@gmail.com,"Lalbandi-09,Sar",Nepali,12/19/2054,12,Email,"4/30/2022 5:23"
8,"Bhawana Pokhrel",Female,9819697988,sagar@gmail.com,"Lalbandi-09,Sar",Nepali,11/25/2053,12,Phone,"4/30/2022 5:36"
9,"Client Name",Gender,Phone,Email,Address,Nationality,"Date Of Birth",Education,"Contact Mode",DateTime
10,"Bijay Adhikari",Male,9819697989,ajaydevadk@gmail.com,"Lalbandi-09,Sar",Nepali,12/19/2054,12,Email,"4/30/2022 5:23"
11,"Bhawana Pokhrel",Female,9819697988,sagar@gmail.com,"Lalbandi-09,Sar",Nepali,11/25/2053,12,Phone,"4/30/2022 5:36"
12,"Bhawana Pokhrel",Female,9819697988,sagar@gmail.com,"Lalbandi-09,Sar",Nepali,11/25/2053,12,Phone,"4/30/2022 5:36"
13,"Ajay Adhikari222",Male,9819697989,ajaydevadk@gmail.com,"Lalbandi-09,Sar",Nepali,12/19/2054,12,Email,"4/30/2022 5:23"
14,"Sanam Koirala",Male,9819697980,sagar@gmail.com,"Lalbandi-09,Sar",Nepali,11/25/2053,12,Phone,"4/30/2022 5:36"
15,"Test Name",Male,9819697981,sagar@gmail.com,Address,Nepali,4/15/2022,11,Phone,"4/30/2022 5:36"
16,"Bijay Adhikari",Male,9819697989,ajaydevadk@gmail.com,"Lalbandi-09,Sar",Nepali,12/19/2054,12,Email,"4/30/2022 5:23"
17,"Sanam Koirala",Male,9819697980,sagar@gmail.com,"Lalbandi-09,Sar",Nepali,11/25/2053,12,Phone,"4/30/2022 5:36"
18,"Sanam Koirala",Male,9819697980,sagar@gmail.com,"Lalbandi-09,Sar",Nepali,11/25/2053,12,Phone,"4/30/2022 5:36"
19,"Ajay Adhikari222",Male,9819697989,ajaydevadk@gmail.com,"Lalbandi-09,Sar",Nepali,12/19/2054,12,Email,"4/30/2022 5:23"
20,"Bhawana Pokhrel",Female,9819697988,sagar@gmail.com,"Lalbandi-09,Sar",Nepali,11/25/2053,12,Phone,"4/30/2022 5:36"
21,"Client Name",Gender,Phone,Email,Address,Nationality,"Date Of Birth",Education,"Contact Mode",DateTime
22,"Bijay Adhikari",Male,9819697989,ajaydevadk@gmail.com,"Lalbandi-09,Sar",Nepali,12/19/2054,12,Email,"4/30/2022 5:23"
23,"Bhawana Pokhrel",Female,9819697988,sagar@gmail.com,"Lalbandi-09,Sar",Nepali,11/25/2053,12,Email,"4/30/2022 5:36"
